{"epoch": 24, "train loss": 0.2635405659675598, "test loss": 6.299694538116455, "_timestamp": 1659579683.1593444, "_runtime": 7.102941513061523, "_step": 24}